Name	Smiles
ABACAVIR_SULFATE	Nc1nc(NC2CC2)c3ncn(C4CC(CO)C=C4)c3n1
ACARBOSE	CC1OC(OC2C(O)C(O)C(OC3C(O)C(O)C(O)OC3CO)OC2CO)C(O)C(O)C1NC4C=C(CO)C(O)C(O)C4O
ACEBUTOLOL	CCCC(=O)Nc1ccc(OCC(O)CNC(C)C)c(c1)C(=O)C
ACECAINIDE	CCN(CC)CCNC(=O)c1ccc(NC(=O)C)cc1
ACECLOFENAC	OC(=O)COC(=O)Cc1ccccc1Nc2c(Cl)cccc2Cl
ACEMETACIN	COc1ccc2c(c1)c(CC(=O)OCC(=O)O)c(C)n2C(=O)c3ccc(Cl)cc3
ACENOCOUMAROL	CC(=O)CC(C1=C(O)Oc2ccccc2C1=O)c3ccc(cc3)[N+](=O)[O-]
ACETOHEXAMIDE	CC(=O)c1ccc(cc1)S(=O)(=O)NC(=O)NC2CCCCC2
ACETOHYDROXAMIC_ACID	CC(=O)NO
ACETYLCYSTEINE	CC(=O)NC(CS)C(=O)O
ACETYLDIGITOXIN	CC1OC(CC(OC(=O)C)C1O)OC2C(O)CC(OC3C(O)CC(OC4CCC5(C)C(CCC6C5CCC7(C)C(CCC67O)C8=CC(=O)OC8)C4)OC3C)OC2C
ACITRETIN	COc1cc(C)c(C=CC(=CC=CC(=CC(=O)O)C)C)c(C)c1C
ADEFOVIR	Nc1ncnc2c1ncn2CCOCP(=O)(O)O
ADEFOVIR_DIPIVOXIL	CC(C)(C)C(=O)OCOP(=O)(COCCn1cnc2c(N)ncnc12)OCOC(=O)C(C)(C)C
ALBENDAZOLE	CCCSc1ccc2[nH]c(NC(=O)OC)nc2c1
ALCLOFENAC	OC(=O)Cc1ccc(OCC=C)c(Cl)c1
ALENDRONATE_SODIUM	NCCCC(O)(P(=O)(O)O)P(=O)(O)O
ALFACALCIDOL	CC(C)CCCC(C)C1CCC2C(=CC=C3CC(O)CC(O)C3=C)CCCC12C
ALLOPURINOL	O=C1NC=Nc2[nH]ncc12
ALMITRINE	Fc1ccc(cc1)C(N2CCN(CC2)c3nc(NCC=C)nc(NCC=C)n3)c4ccc(F)cc4
ALOSETRON	Cc1[nH]cnc1CN2CCc3c(C2=O)c4ccccc4n3C
ALPRENOLOL	CC(C)NCC(O)COc1ccccc1CC=C
ALTRETAMINE	CN(C)c1nc(nc(n1)N(C)C)N(C)C
AMBENONIUM_CHLORIDE	CC[N+](CC)(CCNC(=O)C(=O)NCC[N+](CC)(CC)Cc1ccccc1Cl)Cc2ccccc2Cl
AMBROXOL	Nc1c(Br)cc(Br)cc1CNC2CCC(O)CC2
AMINOCAPROIC_ACID	NCCCCCC(=O)O
AMINOGLUTETHIMIDE	CCC1(CCC(=O)NC1=O)c2ccc(N)cc2
AMINOSALICYLIC_ACID	Nc1ccc(C(=O)O)c(O)c1
AMIODARONE_HYDROCHLORIDE	CCCCc1oc2ccccc2c1C(=O)c3cc(I)c(OCCN(CC)CC)c(I)c3
AMLODIPINE_BESYLATE	CCOC(=O)C1=C(COCCN)NC(=C(C1c2ccccc2Cl)C(=O)OC)C
AMODIAQUINE	CCN(CC)Cc1cc(Nc2ccnc3cc(Cl)ccc23)ccc1O
AMOXICILLIN	CC1(C)SC2C(NC(=O)C(N)c3ccc(O)cc3)C(=O)N2C1C(=O)O
AMPHOTERICIN_B	CC1OC(=O)CC(O)CC(O)CCC(O)C(O)CC(O)CC2(O)CC(O)C(C(CC(OC3OC(C)C(O)C(N)C3O)C=CC=CC=CC=CC=CC=CC=CC(C)C(O)C1C)O2)C(=O)O
AMPICILLIN	CC1(C)SC2C(NC(=O)C(N)c3ccccc3)C(=O)N2C1C(=O)O
AMPRENAVIR	CC(C)CN(CC(O)C(Cc1ccccc1)NC(=O)OC2CCOC2)S(=O)(=O)c3ccc(N)cc3
AMTOLMETIN	COc1ccccc1OC(=O)CNC(=O)Cc2ccc(C(=O)c3ccc(C)cc3)n2C
ANAGRELIDE_HYDROCHLORIDE	Clc1ccc2N=C3NC(=O)CN3Cc2c1Cl
ANASTROZOLE	CC(C)(C#N)c1cc(Cn2cncn2)cc(c1)C(C)(C)C#N
ANISINDIONE	COc1ccc(cc1)C2C(=O)c3ccccc3C2=O
ANISOTROPINE	CCCC(CCC)C(=O)OC1CC2CCC(C1)[N+]2(C)C
ANTAZOLINE	C(N(Cc1ccccc1)c2ccccc2)C3=NCCN3
ARBIDOL	CCOC(=O)c1c(CSc2ccccc2)n(C)c3cc(Br)c(O)c(CN(C)C)c13
ASCORBIC	OCC(O)C1OC(=O)C(=C1O)O
ASPARTAME	COC(=O)C(Cc1ccccc1)NC(=O)C(N)CC(=O)O
ASTEMIZOLE	COc1ccc(CCN2CCC(CC2)Nc3nc4ccccc4n3Cc5ccc(F)cc5)cc1
ATAZANAVIR	COC(=O)NC(C(=O)NC(Cc1ccccc1)C(O)CN(Cc2ccc(cc2)c3ccccn3)NC(=O)C(NC(=O)OC)C(C)(C)C)C(C)(C)C
ATENOLOL	CC(C)NCC(O)COc1ccc(CC(=O)N)cc1
ATORVASTATIN_CALCIUM	CC(C)c1c(C(=O)Nc2ccccc2)c(c3ccccc3)c(c4ccc(F)cc4)n1CCC(O)CC(O)CC(=O)O
ATOVAQUONE	OC1=C(C2CCC(CC2)c3ccc(Cl)cc3)C(=O)c4ccccc4C1=O
AZACITIDINE	NC1=NC(=O)N(C=N1)C2OC(CO)C(O)C2O
AZANIDAZOLE	Cn1c(C=Cc2ccnc(N)n2)ncc1[N+](=O)[O-]
AZARIBINE	CC(=O)OCC1OC(C(OC(=O)C)C1OC(=O)C)N2N=CC(=O)NC2=O
AZATHIOPRINE	Cn1cnc(c1Sc2ncnc3[nH]cnc23)[N+](=O)[O-]
AZITHROMYCIN_DIHYDRATE	CCC1OC(=O)C(C)C(OC2CC(C)(OC)C(O)C(C)O2)C(C)C(OC3OC(C)CC(C3O)N(C)C)C(C)(O)CC(C)CN(C)C(C)C(O)C1(C)O
BACAMPICILLIN_HYDROCHLORIDE	CCOC(=O)OC(C)OC(=O)C1N2C(SC1(C)C)C(NC(=O)C(N)c3ccccc3)C2=O
BALSALAZIDE	OC(=O)CCNC(=O)c1ccc(cc1)N=Nc2ccc(O)c(c2)C(=O)O
BAMIFYLLINE	CCN(CCO)CCn1c(Cc2ccccc2)nc3N(C)C(=O)N(C)C(=O)c13
BEFUNOLOL	CC(C)NCC(O)COc1cccc2cc(oc12)C(=O)C
BEMETIZIDE	CC(C1Nc2cc(Cl)c(cc2S(=O)(=O)N1)S(=O)(=O)N)c3ccccc3
BENAZEPRIL	CCOC(=O)C(CCc1ccccc1)NC2CCc3ccccc3N(CC(=O)O)C2=O
BENDROFLUMETHIAZIDE	NS(=O)(=O)c1cc2c(NC(Cc3ccccc3)NS2(=O)=O)cc1C(F)(F)F
BENFLUOREX	CC(Cc1cccc(c1)C(F)(F)F)NCCOC(=O)c2ccccc2
BENORILATE	CC(=O)Nc1ccc(OC(=O)c2ccccc2OC(=O)C)cc1
BENOXAPROFEN	CC(C(=O)O)c1ccc2oc(nc2c1)c3ccc(Cl)cc3
BENTIROMIDE	OC(=O)c1ccc(NC(=O)C(Cc2ccc(O)cc2)NC(=O)c3ccccc3)cc1
BENZBROMARONE	CCc1oc2ccccc2c1C(=O)c3cc(Br)c(O)c(Br)c3
BENZNIDAZOLE	[O-][N+](=O)c1nccn1CC(=O)NCc2ccccc2
BENZOCAINE	CCOC(=O)c1ccc(N)cc1
BENZONATATE	CCCCNc1ccc(cc1)C(=O)OCCOCCOCCOCCOCCOCCOCCOCCOCCOC
BENZTHIAZIDE	NS(=O)(=O)c1cc2c(cc1Cl)N=C(CSCc3ccccc3)NS2(=O)=O
BEPOTASTINE	OC(=O)CCCN1CCC(CC1)OC(c2ccc(Cl)cc2)c3ccccn3
BEPRIDIL	CC(C)COCC(CN(Cc1ccccc1)c2ccccc2)N3CCCC3
BETA-CAROTENE	CC(=CC=CC=C(C)C=CC=C(C)C=CC1=C(C)CCCC1(C)C)C=CC=C(C)C=CC2=C(C)CCCC2(C)C
BETAXOLOL_HYDROCHLORIDE	CC(C)NCC(O)COc1ccc(CCOCC2CC2)cc1
BETHANECHOL_CHLORIDE	CC(C[N+](C)(C)C)OC(=O)N
BETHANIDINE_SULFATE	CNC(=NC)NCc1ccccc1
BEVANTOLOL	COc1ccc(CCNCC(O)COc2cccc(C)c2)cc1OC
BEXAROTENE	Cc1cc2c(cc1C(=C)c3ccc(cc3)C(=O)O)C(C)(C)CCC2(C)C
BEZAFIBRATE	CC(C)(Oc1ccc(CCNC(=O)c2ccc(Cl)cc2)cc1)C(=O)O
BICALUTAMIDE	CC(O)(CS(=O)(=O)c1ccc(F)cc1)C(=O)Nc2ccc(C#N)c(c2)C(F)(F)F
BISACODYL	CC(=O)Oc1ccc(cc1)C(c2ccc(OC(=O)C)cc2)c3ccccn3
BISOPROLOL_FUMARATE	CC(C)NCC(O)COc1ccc(COCCOC(C)C)cc1
BITHIONOL	Oc1c(Cl)cc(Cl)cc1Sc2cc(Cl)cc(Cl)c2O
BOSENTAN	COc1ccccc1Oc2c(NS(=O)(=O)c3ccc(cc3)C(C)(C)C)nc(nc2OCCO)c4ncccn4
BREQUINAR	Cc1c(C(=O)O)c2cc(F)ccc2nc1c3ccc(cc3)c4ccccc4F
BRIVUDINE	OCC1OC(CC1O)N2C=C(C=CBr)C(=O)NC2=O
BROMFENAC	Nc1c(CC(=O)O)cccc1C(=O)c2ccc(Br)cc2
BROMHEXINE	CN(Cc1cc(Br)cc(Br)c1N)C2CCCCC2
BROXATEROL	CC(C)(C)NCC(O)c1onc(Br)c1
BUDESONIDE	CCCC1OC2CC3C4CCC5=CC(=O)C=CC5(C)C4C(O)CC3(C)C2(O1)C(=O)CO
BUMETANIDE	CCCCNc1cc(cc(c1Oc2ccccc2)S(=O)(=O)N)C(=O)O
BUNAZOSIN	CCCC(=O)N1CCCN(CC1)c2nc(N)c3cc(OC)c(OC)cc3n2
BUSULFAN	CS(=O)(=O)OCCCCOS(=O)(=O)C
BUTIZIDE	CC(C)CC1Nc2cc(Cl)c(cc2S(=O)(=O)N1)S(=O)(=O)N
CALCITRIOL	CC(CCCC(C)(C)O)C1CCC2C(=CC=C3CC(O)CC(O)C3=C)CCCC12C
CALUSTERONE	CC1CC2=CC(=O)CCC2(C)C3CCC4(C)C(CCC4(C)O)C13
CANDESARTAN	CCC1(O)C(=O)OCC2=C1C=C3N(Cc4cc5ccccc5nc34)C2=O
CANDESARTAN_CILEXETIL	CCOc1nc2cccc(C(=O)OC(C)OC(=O)OC3CCCCC3)c2n1Cc4ccc(cc4)c5ccccc5c6nn[nH]n6
CAPECITABINE	CCCCCOC(=O)NC1=NC(=O)N(C=C1F)C2OC(C)C(O)C2O
CAPTOPRIL	CC(CS)C(=O)N1CCCC1C(=O)O
CARBAZOCHROME	CN1CC(O)C2=CC(=NNC(=O)N)C(=O)C=C12
CARBENICILLIN_INDANYL_SODIUM	CC1(C)SC2C(NC(=O)C(C(=O)Oc3ccc4CCCc4c3)c5ccccc5)C(=O)N2C1C(=O)O
CARBENOXOLONE	CC1(C)C(CCC2(C)C1CCC3(C)C2C(=O)C=C4C5CC(C)(CCC5(C)CCC34C)C(=O)O)OC(=O)CCC(=O)O
CARBETAPENTANE	CCN(CC)CCOCCOC(=O)C1(CCCC1)c2ccccc2
CARBIDOPA	CC(Cc1ccc(O)c(O)c1)(NN)C(=O)O
CARBIMAZOLE	CCOC(=O)N1C=CN(C)C1=S
CARBOCYSTEINE	NC(CSCC(=O)O)C(=O)O
CARTEOLOL_HYDROCHLORIDE	CC(C)(C)NCC(O)COc1cccc2NC(=O)CCc12
CARVEDILOL	COc1ccccc1OCCNCC(O)COc2cccc3[nH]c4ccccc4c23
CEFACLOR	NC(C(=O)NC1C2SCC(=C(N2C1=O)C(=O)O)Cl)c3ccccc3
CEFDINIR	Nc1nc(cs1)C(=NO)C(=O)NC2C3SCC(=C(N3C2=O)C(=O)O)C=C
CEFDITOREN	CON=C(C(=O)NC1C2SCC(=C(N2C1=O)C(=O)O)C=Cc3scnc3C)c4csc(N)n4
CEFDITOREN_PIVOXIL	CON=C(C(=O)NC1C2SCC(=C(N2C1=O)C(=O)OCOC(=O)C(C)(C)C)C=Cc3scnc3C)c4csc(N)n4
CEFETAMET	CON=C(C(=O)NC1C2SCC(=C(N2C1=O)C(=O)O)C)c3csc(N)n3
CEFIXIME	Nc1nc(cs1)C(=NOCC(=O)O)C(=O)NC2C3SCC(=C(N3C2=O)C(=O)O)C=C
CEFPODOXIME	COCC1=C(N2C(SC1)C(NC(=O)C(=NOC)c3csc(N)n3)C2=O)C(=O)O
CEFPROZIL	CC=CC1=C(N2C(SC1)C(NC(=O)C(N)c3ccc(O)cc3)C2=O)C(=O)O
CEFTIBUTEN_DIHYDRATE	Nc1nc(cs1)C(=CCC(=O)O)C(=O)NC2C3SCC=C(N3C2=O)C(=O)O
CEFUROXIME_AXETIL	CON=C(C(=O)NC1C2SCC(=C(N2C1=O)C(=O)OC(C)OC(=O)C)COC(=O)N)c3occc3
CELECOXIB	Cc1ccc(cc1)c2cc(nn2c3ccc(cc3)S(=O)(=O)N)C(F)(F)F
CEPHALEXIN	CC1=C(N2C(SC1)C(NC(=O)C(N)c3ccccc3)C2=O)C(=O)O
CEPHALOGLYCIN	CC(=O)OCC1=C(N2C(SC1)C(NC(=O)C(N)c3ccccc3)C2=O)C(=O)O
CEPHRADINE	CC1=C(N2C(SC1)C(NC(=O)C(N)C3=CCC=CC3)C2=O)C(=O)O
CHLORAMPHENICOL	OCC(NC(=O)C(Cl)Cl)C(O)c1ccc(cc1)[N+](=O)[O-]
CHLORAMPHENICOL_PALMITATE	CCCCCCCCCCCCCCCC(=O)OCC(NC(=O)C(Cl)Cl)C(O)c1ccc(cc1)[N+](=O)[O-]
CHLOROQUINE_PHOSPHATE	CCN(CC)CCCC(C)Nc1ccnc2cc(Cl)ccc12
CHLOROTHIAZIDE	NS(=O)(=O)c1cc2c(cc1Cl)N=CNS2(=O)=O
CHLOROTRIANISENE	COc1ccc(cc1)C(=C(c2ccc(OC)cc2)c3ccc(OC)cc3)Cl
CHLORPROPAMIDE	CCCNC(=O)NS(=O)(=O)c1ccc(Cl)cc1
CHOLECALCIFEROL	CC(C)CCCC(C)C1CCC2C(=CC=C3CC(O)CCC3=C)CCCC12C
CICLETANINE	Cc1ncc2C(OCc2c1O)c3ccc(Cl)cc3
CILAZAPRIL	CCOC(=O)C(CCc1ccccc1)NC2CCCN3CCCC(N3C2=O)C(=O)O
CILOSTAZOL	O=C1CCc2cc(OCCCCc3nnnn3C4CCCCC4)ccc2N1
CIMETIDINE	CNC(=NCCSCc1nc[nH]c1C)NC#N
CINOXACIN	CCN1N=C(C(=O)O)C(=O)c2cc3OCOc3cc12
CIPROFIBRATE	CC(C)(Oc1ccc(cc1)C2CC2(Cl)Cl)C(=O)O
CIPROFLOXACIN	OC(=O)C1=CN(C2CC2)c3cc(N4CCNCC4)c(F)cc3C1=O
CISAPRIDE_MONOHYDRATE	COC1CN(CCCOc2ccc(F)cc2)CCC1NC(=O)c3cc(Cl)c(N)cc3OC
CLARITHROMYCIN	CCC1OC(=O)C(C)C(OC2CC(C)(OC)C(O)C(C)O2)C(C)C(OC3OC(C)CC(C3O)N(C)C)C(C)(CC(C)C(=O)C(C)C(O)C1(C)O)OC
CLEBOPRIDE	COc1cc(N)c(Cl)cc1C(=O)NC2CCN(Cc3ccccc3)CC2
CLENBUTEROL	CC(C)(C)NCC(O)c1cc(Cl)c(N)c(Cl)c1
CLIDINIUM_BROMIDE	C[N+]12CCC(CC1)C(C2)OC(=O)C(O)(c3ccccc3)c4ccccc4
CLOBUTINOL	CC(CN(C)C)C(C)(O)Cc1ccc(Cl)cc1
CLOFAZIMINE	CC(C)N=C1C=C2N(c3ccc(Cl)cc3)c4ccccc4N=C2C=C1Nc5ccc(Cl)cc5
CLOFIBRATE	CCOC(=O)C(C)(C)Oc1ccc(Cl)cc1
CLONIXIN	Cc1c(Cl)cccc1Nc2ncccc2C(=O)O
CLOPIDOGREL_BISULFATE	COC(=O)C(N1CCc2sccc2C1)c3ccccc3Cl
CLOTRIMAZOLE	Clc1ccccc1C(c2ccccc2)(c3ccccc3)n4ccnc4
CLOXACILLIN_SODIUM	Cc1onc(c2ccccc2Cl)c1C(=O)NC3C4SC(C)(C)C(N4C3=O)C(=O)O
COLCHICINE	COC1=CC=C2C(=CC1=O)C(CCc3cc(OC)c(OC)c(OC)c23)NC(=O)C
COLISTIN_SULFATE	CCC(C)CCCC(=O)NC(CCN)C(=O)NC(C(C)O)C(=O)NC(CCN)C(=O)NC1CCNC(=O)C(NC(=O)C(CCN)NC(=O)C(CCN)NC(=O)C(CC(C)C)NC(=O)C(CC(C)C)NC(=O)C(CCN)NC1=O)C(C)O
CORTISONE_ACETATE	CC12CCC(=O)C=C1CCC3C4CCC(O)(C(=O)CO)C4(C)CC(=O)C23
CROMOLYN_SODIUM	OC(COc1cccc2OC(=CC(=O)c12)C(=O)O)COc3cccc4OC(=CC(=O)c34)C(=O)O
CYCLACILLIN	CC1(C)SC2C(NC(=O)C3(N)CCCCC3)C(=O)N2C1C(=O)O
CYCLANDELATE	CC1CC(CC(C)(C)C1)OC(=O)C(O)c2ccccc2
CYCLOBENZAPRINE_HYDROCHLORIDE	CN(C)CCC=C1C=C2C=CC=CC2=Cc3ccccc13
CYCLOFENIL	CC(=O)Oc1ccc(cc1)C(=C2CCCCC2)c3ccc(OC(=O)C)cc3
CYCLOPHOSPHAMIDE	ClCCN(CCCl)P1(=O)NCCCO1
CYCLOTHIAZIDE	NS(=O)(=O)c1cc2c(NC(NS2(=O)=O)C3CC4CC3C=C4)cc1Cl
CYSTEAMINE_BITARTRATE	NCCS
DANAZOL	CC12Cc3cnoc3C=C1CCC4C2CCC5(C)C4CCC5(O)C#C
DAPSONE	Nc1ccc(cc1)S(=O)(=O)c2ccc(N)cc2
DEFERIPRONE	CN1C=CC(=O)C(=C1C)O
DEHYDROCHOLIC	CC(CCC(=O)O)C1CCC2C3C(CC(=O)C12C)C4(C)CCC(=O)CC4CC3=O
DELAVIRDINE_MESYLATE	CC(C)Nc1cccnc1N2CCN(CC2)C(=O)c3cc4cc(NS(=O)(=O)C)ccc4[nH]3
DEMECLOCYCLINE_HYDROCHLORIDE	CN(C)C1C2CC3C(O)c4c(Cl)ccc(O)c4C(=C3C(=O)C2(O)C(=O)C(=C(N)O)C1=O)O
DESLORATADINE	Clc1ccc2C(=C3CCNCC3)c4ncccc4CCc2c1
DESMOPRESSIN	NC(=O)CCC1NC(=O)C(Cc2ccccc2)NC(=O)C(Cc3ccc(O)cc3)NC(=O)CCSSCC(NC(=O)C(CC(=O)N)NC1=O)C(=O)N4CCCC4C(=O)NC(CCCNC(=N)N)C(=O)NCC(=O)N
DEXPANTHENOL	CC(C)(CO)C(O)C(=O)NCCCO
DEXRAZOXANE	CC(CN1CC(=O)NC(=O)C1)N2CC(=O)NC(=O)C2
DEXTROTHYROXINE_SODIUM	NC(Cc1cc(I)c(Oc2cc(I)c(O)c(I)c2)c(I)c1)C(=O)O
DIACEREIN	CC(=O)Oc1cccc2C(=O)c3cc(cc(OC(=O)C)c3C(=O)c12)C(=O)O
DIAZOXIDE	CC1=Nc2ccc(Cl)cc2S(=O)(=O)N1
DICHLORPHENAMIDE	NS(=O)(=O)c1cc(Cl)c(Cl)c(c1)S(=O)(=O)N
DICLOXACILLIN_SODIUM	Cc1onc(c1C(=O)NC2C3SC(C)(C)C(N3C2=O)C(=O)O)c4c(Cl)cccc4Cl
DICUMAROL	OC1=C(CC2=C(O)c3ccccc3OC2=O)C(=O)Oc4ccccc14
DICYCLOMINE_HYDROCHLORIDE	CCN(CC)CCOC(=O)C1(CCCCC1)C2CCCCC2
DIDANOSINE	OCC1CCC(O1)n2cnc3C(=O)NC=Nc23
DIETHYLCARBAMAZINE_CITRATE	CCN(CC)C(=O)N1CCN(C)CC1
DIETHYLSTILBESTROL_DIPHOSPHATE	CCC(=C(CC)c1ccc(O)cc1)c2ccc(O)cc2
DIFLUNISAL	OC(=O)c1cc(ccc1O)c2ccc(F)cc2F
DIGOXIN	CC1OC(CC(O)C1O)OC2C(O)CC(OC3C(O)CC(OC4CCC5(C)C(CCC6C5CC(O)C7(C)C(CCC67O)C8=CC(=O)OC8)C4)OC3C)OC2C
DIHYDROTACHYSTEROL	CC(C)C(C)C=CC(C)C1CCC2C(=CC=C3CC(O)CCC3C)CCCC12C
DILOXANIDE	CN(C(=O)C(Cl)Cl)c1ccc(O)cc1
DIOSMIN	COc1ccc(cc1O)C2=CC(=O)c3c(O)cc(OC4OC(COC5OC(C)C(O)C(O)C5O)C(O)C(O)C4O)cc3O2
DIPHEMANIL_METHYLSULFATE	C[N+]1(C)CCC(=C(c2ccccc2)c3ccccc3)CC1
DIPYRIDAMOLE	OCCN(CCO)c1nc(N2CCCCC2)c3nc(nc(N4CCCCC4)c3n1)N(CCO)CCO
DIPYRONE	CN(CS(=O)(=O)O)C1=C(C)N(C)N(C1=O)c2ccccc2
DIRITHROMYCIN	CCC1OC(=O)C(C)C(OC2CC(C)(OC)C(O)C(C)O2)C(C)C(OC3OC(C)CC(C3O)N(C)C)C(C)(O)CC(C)C4NC(COCCOC)OC(C4C)C1(C)O
DISOPYRAMIDE	CC(C)N(CCC(C(=O)N)(c1ccccc1)c2ccccn2)C(C)C
DISTIGMINE	CN(CCCCCCN(C)C(=O)Oc1ccc[n+](C)c1)C(=O)Oc2ccc[n+](C)c2
DISULFIRAM	CCN(CC)C(=S)SSC(=S)N(CC)CC
DOFETILIDE	CN(CCOc1ccc(NS(=O)(=O)C)cc1)CCc2ccc(NS(=O)(=O)C)cc2
DOXAZOSIN_MESYLATE	COc1cc2nc(nc(N)c2cc1OC)N3CCN(CC3)C(=O)C4COc5ccccc5O4
DOXOFYLLINE	CN1C(=O)N(C)c2ncn(CC3OCCO3)c2C1=O
DOXYCYCLINE	CC1C2C(O)C3C(N(C)C)C(=C(C(=O)N)C(=O)C3(O)C(=C2C(=O)c4c(O)cccc14)O)O
DRONABINOL	CCCCCc1cc(O)c2C3C=C(C)CCC3C(C)(C)Oc2c1
DROSPIRENONE	CC12CCC(=O)C=C1C3CC3C4C2CCC5(C)C4C6CC6C57CCC(=O)O7
DUTASTERIDE	CC12CCC3C(CCC4NC(=O)C=CC34C)C1CCC2C(=O)Nc5cc(ccc5C(F)(F)F)C(F)(F)F
DYDROGESTERONE	CC(=O)C1CCC2C3C=CC4=CC(=O)CCC4(C)C3CCC12C
DYPHYLLINE	CN1C(=O)N(C)c2ncn(CC(O)CO)c2C1=O
EBASTINE	CC(C)(C)c1ccc(cc1)C(=O)CCCN2CCC(CC2)OC(c3ccccc3)c4ccccc4
EDETATE_CALCIUM_DISODIUM	OC(=O)CN(CCN(CC(=O)O)CC(=O)O)CC(=O)O
EFAVIRENZ	FC(F)(F)C1(OC(=O)Nc2ccc(Cl)cc12)C#CC3CC3
EMEPRONIUM	CC[N+](C)(C)C(C)CC(c1ccccc1)c2ccccc2
EMTRICITABINE	NC1=NC(=O)N(C=C1F)C2CSC(CO)O2
ENALAPRIL	CCOC(=O)C(CCc1ccccc1)NC(C)C(=O)N2CCCC2C(=O)O
ENCAINIDE	COc1ccc(cc1)C(=O)Nc2ccccc2C(C)CN3CCCCC3
ENOXACIN	CCN1C=C(C(=O)O)C(=O)c2cc(F)c(nc12)N3CCNCC3
ENOXIMONE	CSc1ccc(cc1)C(=O)C2=C(C)NC(=O)N2
ENPROFYLLINE	CCCN1C(=O)NC(=O)c2[nH]cnc12
EPALRESTAT	CC(=Cc1ccccc1)C=C2SC(=S)N(CC(=O)O)C2=O
EPLERENONE	COC(=O)C1CC2=CC(=O)CCC2(C)C34OC3CC5(C)C(CCC56CCC(=O)O6)C14
EPROSARTAN_MESYLATE	CCCCc1ncc(C=C(Cc2cccs2)C(=O)O)n1Cc3ccc(cc3)C(=O)O
ERGOCALCIFEROL	CC(C)C(C)C=CC(C)C1CCC2C(=CC=C3CC(O)CCC3=C)CCCC12C
ERYTHRITYL	[O-][N+](=O)OCC(O[N+](=O)[O-])C(CO[N+](=O)[O-])O[N+](=O)[O-]
ERYTHROMYCIN	CCC1OC(=O)C(C)C(OC2CC(C)(OC)C(O)C(C)O2)C(C)C(OC3OC(C)CC(C3O)N(C)C)C(C)(O)CC(C)C(=O)C(C)C(O)C1(C)O
ESTRADIOL	CC12CCC3C(CCc4cc(O)ccc34)C1CCC2O
ESTRAMUSTINE	CC12CCC3C(CCc4cc(OC(=O)N(CCCl)CCCl)ccc34)C1CCC2O
ESTROPIPATE	CC12CCC3C(CCc4cc(OS(=O)(=O)O)ccc34)C1CCC2=O
ETHACRYNIC_ACID	CCC(=C)C(=O)c1ccc(OCC(=O)O)c(Cl)c1Cl
ETHINYL_ESTRADIOL	CC12CCC3C(CCc4cc(O)ccc34)C1CCC2(O)C#C
ETHIONAMIDE	CCc1cc(ccn1)C(=S)N
ETHYLESTRENOL	CCC1(O)CCC2C3CCC4=CCCCC4C3CCC12C
ETIDRONATE_DISODIUM	CC(O)(P(=O)(O)O)P(=O)(O)O
ETILEFRINE	CCNCC(O)c1cccc(O)c1
ETODOLAC	CCc1cccc2c3CCOC(CC)(CC(=O)O)c3[nH]c12
ETORICOXIB	Cc1ccc(cn1)c2ncc(Cl)cc2c3ccc(cc3)S(=O)(=O)C
ETOZOLIN	CCOC(=O)C=C1SC(N2CCCCC2)C(=O)N1C
ETRETINATE	CCOC(=O)C=C(C)C=CC=C(C)C=Cc1c(C)cc(OC)c(C)c1C
FAMCICLOVIR	CC(=O)OCC(CCn1cnc2cnc(N)nc12)COC(=O)C
FAMOTIDINE	NC(=Nc1nc(CSCCC(=N)NS(=O)(=O)N)cs1)N
FELBINAC	OC(=O)Cc1ccc(cc1)c2ccccc2
FELODIPINE	CCOC(=O)C1=C(C)NC(=C(C1c2cccc(Cl)c2Cl)C(=O)OC)C
FENBUFEN	OC(=O)CCC(=O)c1ccc(cc1)c2ccccc2
FENOFIBRATE	CC(C)OC(=O)C(C)(C)Oc1ccc(cc1)C(=O)c2ccc(Cl)cc2
FENOPROFEN_CALCIUM	CC(C(=O)O)c1cccc(Oc2ccccc2)c1
FENOTEROL	CC(Cc1ccc(O)cc1)NCC(O)c2cc(O)cc(O)c2
FENQUIZONE	NS(=O)(=O)c1cc2C(=O)NC(Nc2cc1Cl)c3ccccc3
FINASTERIDE	CC(C)(C)NC(=O)C1CCC2C3CCC4NC(=O)C=CC4(C)C3CCC12C
FLAVOXATE	CC1=C(Oc2c(cccc2C1=O)C(=O)OCCN3CCCCC3)c4ccccc4
FLECAINIDE_ACETATE	FC(F)(F)COc1ccc(OCC(F)(F)F)c(c1)C(=O)NCC2CCCCN2
FLEROXACIN	CN1CCN(CC1)c2c(F)cc3C(=O)C(=CN(CCF)c3c2F)C(=O)O
FLOCTAFENINE	OCC(O)COC(=O)c1ccccc1Nc2ccnc3c(cccc23)C(F)(F)F
FLOXACILLIN	Cc1onc(c1C(=O)NC2C3SC(C)(C)C(N3C2=O)C(=O)O)c4c(F)cccc4Cl
FLUCONAZOLE	OC(Cn1cncn1)(Cn2cncn2)c3ccc(F)cc3F
FLUCYTOSINE	NC1=NC(=O)NC=C1F
FLUDROCORTISONE_ACETATE	CC12CC(O)C3(F)C(CCC4=CC(=O)CCC34C)C1CCC2(O)C(=O)CO
FLUFENAMIC	OC(=O)c1ccccc1Nc2cccc(c2)C(F)(F)F
FLUMEQUINE	CC1CCc2cc(F)cc3C(=O)C(=CN1c23)C(=O)O
FLUOCORTOLONE	CC1CC2C3CC(F)C4=CC(=O)C=CC4(C)C3C(O)CC2(C)C1C(=O)CO
FLUORESCEIN	Oc1ccc2c(Oc3cc(O)ccc3C24OC(=O)c5ccccc45)c1
FLUOXYMESTERONE	CC1(O)CCC2C3CCC4=CC(=O)CCC4(C)C3(F)C(O)CC12C
FLUPREDNISOLONE	CC12CC(O)C3C(CC(F)C4=CC(=O)C=CC34C)C1CCC2(O)C(=O)CO
FLUTAMIDE	CC(C)C(=O)Nc1ccc(c(c1)C(F)(F)F)[N+](=O)[O-]
FLUTICASONE	CCC(=O)OC1(C(C)CC2C3CC(F)C4=CC(=O)C=CC4(C)C3(F)C(O)CC12C)C(=O)SCF
FLUVASTATIN_SODIUM	CC(C)n1c(C=CC(O)CC(O)CC(=O)O)c(c2ccc(F)cc2)c3ccccc13
FOLIC_ACID	NC1=NC(=O)c2nc(CNc3ccc(cc3)C(=O)NC(CCC(=O)O)C(=O)O)cnc2N1
FORMESTANE	CC12CCC3C(CCC4=C(O)C(=O)CCC34C)C1CCC2=O
FORMOTEROL	COc1ccc(CC(C)NCC(O)c2ccc(O)c(NC=O)c2)cc1
FOSAMPRENAVIR	CC(C)CN(CC(OP(=O)(O)O)C(Cc1ccccc1)NC(=O)OC2CCOC2)S(=O)(=O)c3ccc(N)cc3
FOSFOMYCIN_TROMETHAMINE	CC1OC1P(=O)(O)O
FOSINOPRIL_SODIUM	CCC(=O)OC(OP(=O)(CCCCc1ccccc1)CC(=O)N2CC(CC2C(=O)O)C3CCCCC3)C(C)C
FRAMYCETIN	NCC1OC(OC2C(O)C(OC3C(O)C(N)CC(N)C3OC4OC(CN)C(O)C(O)C4N)OC2CO)C(N)C(O)C1O
FROVATRIPTAN	CNC1CCc2[nH]c3ccc(cc3c2C1)C(=O)N
FURAZOLIDONE	[O-][N+](=O)c1oc(C=NN2CCOC2=O)cc1
FUROSEMIDE	NS(=O)(=O)c1cc(C(=O)O)c(NCc2occc2)cc1Cl
FUSIDIC	CC1C(O)CCC2(C)C1CCC3(C)C2C(O)CC4C(=C(CCC=C(C)C)C(=O)O)C(CC34C)OC(=O)C
GANCICLOVIR	NC1=Nc2c(ncn2COC(CO)CO)C(=O)N1
GATIFLOXACIN	COc1c(N2CCNC(C)C2)c(F)cc3C(=O)C(=CN(C4CC4)c13)C(=O)O
GEMFIBROZIL	Cc1ccc(C)c(OCCCC(C)(C)C(=O)O)c1
GEMIFLOXACIN	CON=C1CN(CC1CN)c2nc3N(C=C(C(=O)O)C(=O)c3cc2F)C4CC4
GLICLAZIDE	Cc1ccc(cc1)S(=O)(=O)NC(=O)NN2CC3CCCC3C2
GLIMEPIRIDE	CCC1=C(C)CN(C(=O)NCCc2ccc(cc2)S(=O)(=O)NC(=O)NC3CCC(C)CC3)C1=O
GLIPIZIDE	Cc1cnc(cn1)C(=O)NCCc2ccc(cc2)S(=O)(=O)NC(=O)NC3CCCCC3
GLIQUIDONE	COc1ccc2c(c1)C(=O)N(CCc3ccc(cc3)S(=O)(=O)NC(=O)NC4CCCCC4)C(=O)C2(C)C
GLISOLAMIDE	Cc1onc(c1)C(=O)NCCc2ccc(cc2)S(=O)(=O)NC(=O)NC3CCCCC3
GLISOXEPIDE	Cc1onc(c1)C(=O)NCCc2ccc(cc2)S(=O)(=O)NC(=O)NN3CCCCCC3
GLUCOSAMINE	NC1C(O)OC(CO)C(O)C1O
GLUTAMIC_ACID	NC(CCC(=O)O)C(=O)O
GLYBURIDE	COc1ccc(Cl)cc1C(=O)NCCc2ccc(cc2)S(=O)(=O)NC(=O)NC3CCCCC3
GLYCERIN	OCC(O)CO
GLYCOPYRROLATE	C[N+]1(C)CCC(C1)OC(=O)C(O)(C2CCCC2)c3ccccc3
GUANADREL_SULFATE	NC(=NCC1COC2(CCCCC2)O1)N
GUANFACINE_HYDROCHLORIDE	NC(=N)NC(=O)Cc1c(Cl)cccc1Cl
HALOFANTRINE_HYDROCHLORIDE	CCCCN(CCCC)CCC(O)c1cc2c(Cl)cc(Cl)cc2c3cc(ccc13)C(F)(F)F
HETACILLIN	CC1(C)SC2C(N3C(=O)C(NC3(C)C)c4ccccc4)C(=O)N2C1C(=O)O
HEXOCYCLIUM_METHYLSULFATE	C[N+]1(C)CCN(CC(O)(C2CCCCC2)c3ccccc3)CC1
HEXOPRENALINE	OC(CNCCCCCCNCC(O)c1ccc(O)c(O)c1)c2ccc(O)c(O)c2
HOMATROPINE_METHYLBROMIDE	[Br-].C[N+]1(C)C2CCC1CC(C2)OC(=O)C(O)c3ccccc3
HYDRALAZINE_HYDROCHLORIDE	NNc1nncc2ccccc12
HYDROCHLOROTHIAZIDE	NS(=O)(=O)c1cc2c(NCNS2(=O)=O)cc1Cl
HYDROCORTISONE	CC12CCC(=O)C=C1CCC3C4CCC(O)(C(=O)CO)C4(C)CC(O)C23
HYDROCORTISONE_CYPIONATE	CC12CCC(=O)C=C1CCC3C4CCC(O)(C(=O)COC(=O)CCC5CCCC5)C4(C)CC(O)C23
HYDROFLUMETHIAZIDE	NS(=O)(=O)c1cc2c(NCNS2(=O)=O)cc1C(F)(F)F
HYDROXYUREA	NC(=O)NO
IBANDRONATE	CCCCCN(C)CCC(O)(P(=O)(O)O)P(=O)(O)O
IDARUBICIN	CC1OC(CC(N)C1O)OC2CC(O)(Cc3c(O)c4C(=O)c5ccccc5C(=O)c4c(O)c23)C(=O)C
INDAPAMIDE	CC1Cc2ccccc2N1NC(=O)c3ccc(Cl)c(c3)S(=O)(=O)N
INDECAINIDE_HYDROCHLORIDE	CC(C)NCCCC1(C(=O)N)c2ccccc2c3ccccc13
INDIGOTINDISULFONATE	OS(=O)(=O)c1ccc2NC(=C3Nc4ccc(cc4C3=O)S(=O)(=O)O)C(=O)c2c1
INDINAVIR_SULFATE	CC(C)(C)NC(=O)C1CN(Cc2cccnc2)CCN1CC(O)CC(Cc3ccccc3)C(=O)NC4C(O)Cc5ccccc45
INDOMETACIN	COc1ccc2c(c1)c(CC(=O)OCC=C(C)CCC=C(C)CCC=C(C)C)c(C)n2C(=O)c3ccc(Cl)cc3
INDOMETHACIN	COc1ccc2c(c1)c(CC(=O)O)c(C)n2C(=O)c3ccc(Cl)cc3
IOCETAMIC_ACID	CC(CN(C(=O)C)c1c(I)cc(I)c(N)c1I)C(=O)O
IODOQUINOL	Oc1c(I)cc(I)c2cccnc12
IOHEXOL	CC(=O)N(CC(O)CO)c1c(I)c(C(=O)NCC(O)CO)c(I)c(C(=O)NCC(O)CO)c1I
IOPANOIC_ACID	CCC(Cc1c(I)cc(I)c(N)c1I)C(=O)O
IPODATE	CN(C)C=Nc1c(I)cc(I)c(CCC(=O)O)c1I
IPRIFLAVONE	CC(C)Oc1ccc2C(=O)C(=COc2c1)c3ccccc3
IRBESARTAN	CCCCC1=NC2(CCCC2)C(=O)N1Cc3ccc(cc3)c4ccccc4c5nnn[nH]5
ISONIAZID	NNC(=O)c1ccncc1
ISOPROPAMIDE_IODIDE	CC(C)[N+](C)(CCC(C(=O)N)(c1ccccc1)c2ccccc2)C(C)C
ISOPROTERENOL_HYDROCHLORIDE	CC(C)NCC(O)c1ccc(O)c(O)c1
ISOSORBIDE_MONONITRATE	OC1COC2C(COC12)O[N+](=O)[O-]
ISOTRETINOIN	CC(=CC=CC(=CC(=O)O)C)C=CC1=C(C)CCCC1(C)C
ISOXICAM	CN1C(=C(O)c2ccccc2S1(=O)=O)C(=O)Nc3cc(C)on3
ISOXSUPRINE	CC(COc1ccccc1)NC(C)C(O)c2ccc(O)cc2
ISRADIPINE	COC(=O)C1=C(C)NC(=C(C1c2cccc3nonc23)C(=O)OC(C)C)C
ITRACONAZOLE	CCC(C)N1N=CN(C1=O)c2ccc(cc2)N3CCN(CC3)c4ccc(OCC5COC(Cn6cncn6)(O5)c7ccc(Cl)cc7Cl)cc4
IVERMECTIN	CCC(C)C1OC2(CCC1C)CC3CC(CC=C(C)C(OC4CC(OC)C(OC5CC(OC)C(O)C(C)O5)C(C)O4)C(C)C=CC=C6COC7C(O)C(=CC(C(=O)O3)C67O)C)O2
JOSAMYCIN	COC1C(CC(=O)OC(C)CC=CC=CC(O)C(C)CC(CC=O)C1OC2OC(C)C(OC3CC(C)(OC(=O)CC(C)C)C(O)C(C)O3)C(C2O)N(C)C)OC(=O)C
KANAMYCIN_SULFATE	NCC1OC(OC2C(N)CC(N)C(OC3OC(CO)C(O)C(N)C3O)C2O)C(O)C(O)C1O
KETOCONAZOLE	CC(=O)N1CCN(CC1)c2ccc(OCC3COC(Cn4ccnc4)(O3)c5ccc(Cl)cc5Cl)cc2
LACIDIPINE	CCOC(=O)C1=C(C)NC(=C(C1c2ccccc2C=CC(=O)OC(C)(C)C)C(=O)OCC)C
LACTITOL	OCC(O)C(O)C(OC1OC(CO)C(O)C(O)C1O)C(O)CO
LACTULOSE	OCC(O)C(OC1OC(CO)C(O)C(O)C1O)C(O)C(=O)CO
LAMIVUDINE	NC1=NC(=O)N(C=C1)C2CSC(CO)O2
LANSOPRAZOLE	Cc1c(OCC(F)(F)F)ccnc1CS(=O)c2nc3ccccc3[nH]2
LEFLUNOMIDE	Cc1oncc1C(=O)Nc2ccc(cc2)C(F)(F)F
LERCANIDIPINE	COC(=O)C1=C(C)NC(=C(C1c2cccc(c2)[N+](=O)[O-])C(=O)OC(C)(C)CN(C)CCC(c3ccccc3)c4ccccc4)C
LETROZOLE	N#Cc1ccc(cc1)C(c2ccc(cc2)C#N)n3cncn3
LEUCOVORIN	Nc1nc(O)c2N(C=O)C(CNc3ccc(cc3)C(=O)NC(CCC(=O)O)C(=O)O)CNc2n1
LEVAMISOLE_HYDROCHLORIDE	C1CN2CC(N=C2S1)c3ccccc3
LEVOCARNITINE	C[N+](C)(C)CC(O)CC(=O)O
LEVOCETIRIZINE	OC(=O)COCCN1CCN(CC1)C(c2ccccc2)c3ccc(Cl)cc3
LEVODROPROPIZINE	OCC(O)CN1CCN(CC1)c2ccccc2
LIDOFLAZINE	Cc1cccc(C)c1NC(=O)CN2CCN(CCCC(c3ccc(F)cc3)c4ccc(F)cc4)CC2
LINCOMYCIN_HYDROCHLORIDE	CCCC1CC(N(C)C1)C(=O)NC(C(C)O)C2OC(SC)C(O)C(O)C2O
LIOTHYRONINE	NC(Cc1cc(I)c(Oc2ccc(O)c(I)c2)c(I)c1)C(=O)O
LISINOPRIL	NCCCCC(NC(CCc1ccccc1)C(=O)O)C(=O)N2CCCC2C(=O)O
LOPERAMIDE_HYDROCHLORIDE	CN(C)C(=O)C(CCN1CCC(O)(CC1)c2ccc(Cl)cc2)(c3ccccc3)c4ccccc4
LORCAINIDE	CC(C)N1CCC(CC1)N(C(=O)Cc2ccccc2)c3ccc(Cl)cc3
LOSARTAN_POTASSIUM	CCCCc1nc(Cl)c(CO)n1Cc2ccc(cc2)c3ccccc3c4nnn[nH]4
LOVASTATIN	CCC(C)C(=O)OC1CC(C)C=C2C=CC(C)C(CCC3CC(O)CC(=O)O3)C12
MARIMASTAT	CNC(=O)C(NC(=O)C(CC(C)C)C(O)C(=O)NO)C(C)(C)C
MEBENDAZOLE	COC(=O)Nc1nc2cc(ccc2[nH]1)C(=O)c3ccccc3
MEBEVERINE	CCN(CCCCOC(=O)c1ccc(OC)c(OC)c1)C(C)Cc2ccc(OC)cc2
MECLOFENAMATE_SODIUM	Cc1ccc(Cl)c(Nc2ccccc2C(=O)O)c1Cl
MEDROXYPROGESTERONE	CC1CC2C(CCC3(C)C2CCC3(O)C(=O)C)C4(C)CCC(=O)C=C14
MEFENAMIC_ACID	Cc1cccc(Nc2ccccc2C(=O)O)c1C
MEFLOQUINE	OC(C1CCCCN1)c2cc(nc3c(cccc23)C(F)(F)F)C(F)(F)F
MEGESTROL_ACETATE	CC(=O)C1(O)CCC2C3C=C(C)C4=CC(=O)CCC4(C)C3CCC12C
MELOXICAM	CN1C(=C(O)c2ccccc2S1(=O)=O)C(=O)Nc3ncc(C)s3
MELPHALAN	NC(Cc1ccc(cc1)N(CCCl)CCCl)C(=O)O
MENADIOL	Cc1cc(O)c2ccccc2c1O
MENADIOL_SODIUM_DIPHOSPHATE	CC(=O)Oc1cc(C)c(OC(=O)C)c2ccccc12
MENATETRENONE	CC(=CCCC(=CCCC(=CCCC(=CCC1=C(C)C(=O)c2ccccc2C1=O)C)C)C)C
MEPARTRICIN	COC(=O)C1C(O)CC2(O)CC(O)CC(O)CC(O)CC(O)CC(=O)CC(O)CC(=O)OC(C(C)CCC(O)CC(=O)c3ccc(N)cc3)C(C)C=CC=CC=CC=CC=CC=CC=CC(CC1O2)OC4OC(C)C(O)C(N)C4O
MEPENZOLATE_BROMIDE	C[N+]1(C)CCCC(C1)OC(=O)C(O)(c2ccccc2)c3ccccc3
MERCAPTOPURINE	S=C1NC=Nc2nc[nH]c12
MESALAMINE	Nc1ccc(O)c(c1)C(=O)O
MESNA	OS(=O)(=O)CCS
METAPROTERENOL	CC(C)NCC(O)c1cc(O)cc(O)c1
METHACYCLINE_HYDROCHLORIDE	CN(C)C1C2C(O)C3C(=C)c4cccc(O)c4C(=O)C3=C(O)C2(O)C(=O)C(=C1O)C(=O)N
METHANTHELINE_BROMIDE	CC[N+](C)(CC)CCOC(=O)C1c2ccccc2Oc3ccccc13
METHAZOLAMIDE	CN1N=C(SC1=NC(=O)C)S(=O)(=O)N
METHIMAZOLE	CN1C=CNC1=S
METHOTREXATE_SODIUM	CN(Cc1cnc2nc(N)nc(N)c2n1)c3ccc(cc3)C(=O)NC(CCC(=O)O)C(=O)O
METHOXSALEN	COc1c2OC(=O)C=Cc2cc3ccoc13
METHYCLOTHIAZIDE	CN1C(CCl)Nc2cc(Cl)c(cc2S1(=O)=O)S(=O)(=O)N
METHYLERGONOVINE	CCC(CO)NC(=O)C1CN(C)C2Cc3c[nH]c4cccc(C2=C1)c34
METHYLTESTOSTERONE	CC1(O)CCC2C3CCC4=CC(=O)CCC4(C)C3CCC12C
METOLAZONE	CC1Nc2cc(Cl)c(cc2C(=O)N1c3ccccc3C)S(=O)(=O)N
METRONIDAZOLE	Cc1ncc([N+](=O)[O-])n1CCO
METYRAPONE	CC(C)(C(=O)c1cccnc1)c2cccnc2
MIDODRINE_HYDROCHLORIDE	COc1ccc(OC)c(c1)C(O)CNC(=O)CN
MIGLITOL	OCCN1CC(O)C(O)C(O)C1CO
MILTEFOSINE	CCCCCCCCCCCCCCCCOP(=O)(O)OCC[N+](C)(C)C
MINOXIDIL	NC1=CC(=NC(=N)N1O)N2CCCCC2
MITOLACTOL	OC(CBr)C(O)C(O)C(O)CBr
MITOTANE	ClC(Cl)C(c1ccc(Cl)cc1)c2ccccc2Cl
MIZORIBINE	NC(=O)c1ncn(C2OC(CO)C(O)C2O)c1O
MOEXIPRIL_HYDROCHLORIDE	CCOC(=O)C(CCc1ccccc1)NC(C)C(=O)N2Cc3cc(OC)c(OC)cc3CC2C(=O)O
MORICIZINE_HYDROCHLORIDE	CCOC(=O)Nc1ccc2Sc3ccccc3N(C(=O)CCN4CCOCC4)c2c1
MORNIFLUMATE	FC(F)(F)c1cccc(Nc2ncccc2C(=O)OCCN3CCOCC3)c1
MOXIFLOXACIN_HYDROCHLORIDE	COc1c(N2CC3CCCNC3C2)c(F)cc4C(=O)C(=CN(C5CC5)c14)C(=O)O
MYCOPHENOLATE	COc1c(C)c2COC(=O)c2c(O)c1CC=C(C)CCC(=O)O
MYCOPHENOLATE_MOFETIL	COc1c(C)c2COC(=O)c2c(O)c1CC=C(C)CCC(=O)OCCN3CCOCC3
NABUMETONE	COc1ccc2cc(CCC(=O)C)ccc2c1
NAFCILLIN_SODIUM	CCOc1ccc2ccccc2c1NC(=O)C3C4SC(C)(C)C(N4C3=O)C(=O)O
NALIDIXIC_ACID	CCN1C=C(C(=O)O)C(=O)c2ccc(C)nc12
NATEGLINIDE	CC(C)C1CCC(CC1)C(=O)NC(Cc2ccccc2)C(=O)O
NELFINAVIR_MESYLATE	Cc1c(O)cccc1C(=O)NC(CSc2ccccc2)C(O)CN3CC4CCCCC4CC3C(=O)NC(C)(C)C
NEOSTIGMINE	CN(C)C(=O)Oc1cccc(c1)[N+](C)(C)C
NEVIRAPINE	Cc1ccnc2N(C3CC3)c4ncccc4C(=O)Nc12
NIACIN	OC(=O)c1cccnc1
NICARDIPINE_HYDROCHLORIDE	COC(=O)C1=C(C)NC(=C(C1c2cccc(c2)[N+](=O)[O-])C(=O)OCCN(C)Cc3ccccc3)C
NICLOSAMIDE	Oc1ccc(Cl)cc1C(=O)Nc2ccc(cc2Cl)[N+](=O)[O-]
NICORANDIL	[O-][N+](=O)OCCNC(=O)c1cccnc1
NIFLUMIC	OC(=O)c1cccnc1Nc2cccc(c2)C(F)(F)F
NIFURTIMOX	CC1CS(=O)(=O)CCN1N=Cc2oc(cc2)[N+](=O)[O-]
NILUTAMIDE	CC1(C)NC(=O)N(C1=O)c2ccc(c(c2)C(F)(F)F)[N+](=O)[O-]
NIMESULIDE	CS(=O)(=O)Nc1ccc(cc1Oc2ccccc2)[N+](=O)[O-]
NITAZOXANIDE	CC(=O)Oc1ccccc1C(=O)Nc2ncc(s2)[N+](=O)[O-]
NITISINONE	[O-][N+](=O)c1cc(ccc1C(=O)C2C(=O)CCCC2=O)C(F)(F)F
NITRENDIPINE	CCOC(=O)C1=C(C)NC(=C(C1c2cccc(c2)[N+](=O)[O-])C(=O)OC)C
NITROFURANTOIN	[O-][N+](=O)c1oc(C=NN2CC(=O)NC2=O)cc1
NITROGLYCERIN	[O-][N+](=O)OCC(CO[N+](=O)[O-])O[N+](=O)[O-]
NIZATIDINE	CNC(=C[N+](=O)[O-])NCCSCc1csc(CN(C)C)n1
NORETHINDRONE	CC12CCC3C(CCC4=CC(=O)CCC34)C1CCC2(O)C#C
NORFLOXACIN	CCN1C=C(C(=O)O)C(=O)c2cc(F)c(cc12)N3CCNCC3
NORGESTREL	CCC12CCC3C(CCC4=CC(=O)CCC34)C1CCC2(O)C#C
NOVOBIOCIN_SODIUM	COC1C(OC(=O)N)C(O)C(Oc2ccc3C(=O)C(=C(O)Oc3c2C)NC(=O)c4ccc(O)c(CC=C(C)C)c4)OC1(C)C
NYLIDRIN	CC(CCc1ccccc1)NC(C)C(O)c2ccc(O)cc2
NYSTATIN	CC1OC(=O)CC(O)CC(O)CC(O)CCC(O)C(O)CC(=O)CC(O)C(C(O)CC(OC2OC(C)C(O)C(N)C2O)C=CC=CC=CC=CCCC=CC=CC(C)C(O)C1C)C(=O)O
OLMESARTAN	CCCc1nc(c(C(=O)OCC2=C(C)OC(=O)O2)n1Cc3ccc(cc3)c4ccccc4c5nnn[nH]5)C(C)(C)O
OLMESARTAN_MEDOXOMIL	CCCc1nc(c(C(=O)O)n1Cc2ccc(cc2)c3ccccc3c4nnn[nH]4)C(C)(C)O
OLSALAZINE_SODIUM	OC(=O)c1cc(ccc1O)N=Nc2ccc(O)c(c2)C(=O)O
OMEPRAZOLE	COc1ccc2[nH]c(nc2c1)S(=O)Cc3ncc(C)c(OC)c3C
ORLISTAT	CCCCCCCCCCCC(CC1OC(=O)C1CCCCCC)OC(=O)C(CC(C)C)NC=O
OSELTAMIVIR_PHOSPHATE	CCOC(=O)C1=CC(OC(CC)CC)C(NC(=O)C)C(N)C1
OTILONIUM	CCCCCCCCOc1ccccc1C(=O)Nc2ccc(cc2)C(=O)OCC[N+](C)(CC)CC
OXACILLIN_SODIUM	Cc1onc(c2ccccc2)c1C(=O)NC3C4SC(C)(C)C(N4C3=O)C(=O)O
OXAMNIQUINE	CC(C)NCC1CCc2cc(CO)c(cc2N1)[N+](=O)[O-]
OXANDROLONE	CC1(O)CCC2C3CCC4CC(=O)OCC4(C)C3CCC12C
OXAPROZIN	OC(=O)CCc1oc(c2ccccc2)c(n1)c3ccccc3
OXILOFRINE	CNC(C)C(O)c1ccc(O)cc1
OXOLINIC	CCN1C=C(C(=O)O)C(=O)c2cc3OCOc3cc12
OXYBUTYNIN	CCN(CC)CC#CCOC(=O)C(O)(C1CCCCC1)c2ccccc2
OXYPHENBUTAZONE	CCCCC1C(=O)N(N(C1=O)c2ccc(O)cc2)c3ccccc3
OXYPHENCYCLIMINE_HYDROCHLORIDE	CN1CCCN=C1COC(=O)C(O)(C2CCCCC2)c3ccccc3
OXYPHENONIUM_BROMIDE	CC[N+](C)(CC)CCOC(=O)C(O)(C1CCCCC1)c2ccccc2
OXYTETRACYCLINE	CN(C)C1C2C(O)C3C(=C(O)C2(O)C(=O)C(=C1O)C(=O)N)C(=O)c4c(O)cccc4C3(C)O
PAMIDRONATE	NCCC(O)(P(=O)(O)O)P(=O)(O)O
PANTOPRAZOLE	COc1ccnc(CS(=O)c2nc3cc(OC(F)F)ccc3[nH]2)c1OC
PANTOTHENIC	CC(C)(CO)C(O)C(=O)NCCC(=O)O
PARAMETHASONE_ACETATE	CC1CC2C3CC(F)C4=CC(=O)C=CC4(C)C3C(O)CC2(C)C1(O)C(=O)CO
PAROMOMYCIN_SULFATE	NCC1OC(OC2C(O)C(OC3C(O)C(N)CC(N)C3OC4OC(CO)C(O)C(O)C4N)OC2CO)C(N)C(O)C1O
PENICILLAMINE	CC(C)(S)C(N)C(=O)O
PENICILLIN_V	CC1(C)SC2C(NC(=O)COc3ccccc3)C(=O)N2C1C(=O)O
PENTAERYTHRITOL	[O-][N+](=O)OCC(CO[N+](=O)[O-])(CO[N+](=O)[O-])CO[N+](=O)[O-]
PENTOXIFYLLINE	CN1C(=O)N(CCCCC(=O)C)C(=O)c2c1ncn2C
PERFLUBRON	FC(F)(F)C(F)(F)C(F)(F)C(F)(F)C(F)(F)C(F)(F)C(F)(F)C(F)(F)Br
PERINDOPRIL_ERBUMINE	CCCC(NC(C)C(=O)N1C2CCCCC2CC1C(=O)O)C(=O)OCC
PERINDOPRILAT	CCCC(NC(C)C(=O)N1C2CCCCC2CC1C(=O)O)C(=O)O
PHENAZOPYRIDINE	Nc1ccc(N=Nc2ccccc2)c(N)n1
PHENFORMIN	NC(=N)NC(=N)NCCc1ccccc1
PHENINDIONE	O=C1C(C(=O)c2ccccc12)c3ccccc3
PHENOLPHTHALEIN	Oc1ccc(cc1)C2(OC(=O)c3ccccc23)c4ccc(O)cc4
PHENOXYBENZAMINE_HYDROCHLORIDE	CC(COc1ccccc1)N(CCCl)Cc2ccccc2
PHENPROCOUMON	CCC(C1=C(O)Oc2ccccc2C1=O)c3ccccc3
PHENYL_AMINOSALICYLATE	Nc1ccc(C(=O)Oc2ccccc2)c(O)c1
PHENYLBUTAZONE	CCCCC1C(=O)N(N(C1=O)c2ccccc2)c3ccccc3
PHYTONADIONE	CC(C)CCCC(C)CCCC(C)CCCC(=CCC1=C(C)C(=O)c2ccccc2C1=O)C
PINACIDIL	CC(NC(=NC#N)Nc1ccncc1)C(C)(C)C
PINAVERIUM	COc1cc(Br)c(C[N+]2(CCOCCC3CCC4CC3C4(C)C)CCOCC2)cc1OC
PIOGLITAZONE	CCc1ccc(CCOc2ccc(CC3SC(=O)NC3=O)cc2)nc1
PIPEMIDIC	CCN1C=C(C(=O)O)C(=O)c2cnc(nc12)N3CCNCC3
PIPERAZINE_CITRATE	C1CNCCN1
PIPOBROMAN	BrCCC(=O)N1CCN(CC1)C(=O)CCBr
PIRAZOLAC	OC(=O)Cc1nn(cc1c2ccc(Cl)cc2)c3ccc(F)cc3
PIRENZEPINE	CN1CCN(CC(=O)N2c3ccccc3C(=O)Nc4cccnc24)CC1
PIRITREXIM	COc1ccc(OC)c(Cc2cnc3nc(N)nc(N)c3c2C)c1
PIRMENOL	CC1CCCC(C)N1CCCC(O)(c2ccccc2)c3ccccn3
PIROXICAM	CN1C(=C(O)c2ccccc2S1(=O)=O)C(=O)Nc3ccccn3
PIVMECILLINAM	CC(C)(C)C(=O)OCOC(=O)C1N2C(SC1(C)C)C(N=CN3CCCCCC3)C2=O
POLYTHIAZIDE	CN1C(CSCC(F)(F)F)Nc2cc(Cl)c(cc2S1(=O)=O)S(=O)(=O)N
PRALIDOXIME_CHLORIDE	C[n+]1ccccc1C=NO
PRAVASTATIN_SODIUM	CCC(C)C(=O)OC1CC(O)C=C2C=CC(C)C(CCC(O)CC(O)CC(=O)O)C12
PRAZOSIN	COc1cc2nc(nc(N)c2cc1OC)N3CCN(CC3)C(=O)c4occc4
PREDNISOLONE	CC12CC(O)C3C(CCC4=CC(=O)C=CC34C)C1CCC2(O)C(=O)CO
PRIFINIUM	CC[N+]1(CC)CCC(=C(c2ccccc2)c3ccccc3)C1C
PRIMAQUINE_PHOSPHATE	COc1cc(NC(C)CCCN)c2ncccc2c1
PROBENECID	CCCN(CCC)S(=O)(=O)c1ccc(cc1)C(=O)O
PROBUCOL	CC(C)(C)c1cc(SC(C)(C)Sc2cc(c(O)c(c2)C(C)(C)C)C(C)(C)C)cc(c1O)C(C)(C)C
PROCAINAMIDE_HYDROCHLORIDE	CCN(CC)CCNC(=O)c1ccc(N)cc1
PROCARBAZINE_HYDROCHLORIDE	CNNCc1ccc(cc1)C(=O)NC(C)C
PROGLUMETACIN	CCCN(CCC)C(=O)C(CCC(=O)OCCCN1CCN(CCOC(=O)Cc2c(C)n(C(=O)c3ccc(Cl)cc3)c4ccc(OC)cc24)CC1)NC(=O)c5ccccc5
PROGLUMIDE	CCCN(CCC)C(=O)C(CCC(=O)O)NC(=O)c1ccccc1
PROPICILLIN	CCC(Oc1ccccc1)C(=O)NC2C3SC(C)(C)C(N3C2=O)C(=O)O
PROPIVERINE	CCCOC(C(=O)OC1CCN(C)CC1)(c2ccccc2)c3ccccc3
PROPYLTHIOURACIL	CCCC1=CC(=O)NC(=S)N1
PROPYPHENAZONE	CC(C)C1=C(C)N(C)N(C1=O)c2ccccc2
PROQUAZONE	CC(C)N1C(=O)N=C(c2ccccc2)c3ccc(C)cc13
PROTOKYLOL_HYDROCHLORIDE	CC(Cc1ccc2OCOc2c1)NCC(O)c3ccc(O)c(O)c3
PYRANTEL	CN1CCCN=C1C=Cc2cccs2
PYRIDOSTIGMINE_BROMIDE	CN(C)C(=O)Oc1ccc[n+](C)c1
PYRIMETHAMINE	CCc1nc(N)nc(N)c1c2ccc(Cl)cc2
PYRVINIUM	CN(C)c1ccc2c(ccc(C=Cc3cc(C)n(c3C)c4ccccc4)[n+]2C)c1
QUINACRINE	CCN(CC)CCCC(C)Nc1c2ccc(Cl)cc2nc3ccc(OC)cc13
QUINAPRIL	CCOC(=O)C(CCc1ccccc1)NC(C)C(=O)N2Cc3ccccc3CC2C(=O)O
QUINESTROL	CC12CCC3C(CCc4cc(OC5CCCC5)ccc34)C1CCC2(O)C#C
QUINETHAZONE	CCC1NC(=O)c2cc(c(Cl)cc2N1)S(=O)(=O)N
RACECADOTRIL	CC(=O)SCC(Cc1ccccc1)C(=O)NCC(=O)OCc2ccccc2
RALOXIFENE_HYDROCHLORIDE	Oc1ccc(cc1)c2sc3cc(O)ccc3c2C(=O)c4ccc(OCCN5CCCCC5)cc4
RAMIPRIL	CCOC(=O)C(CCc1ccccc1)NC(C)C(=O)N2C3CCCC3CC2C(=O)O
RANITIDINE_BISMUTH_CITRATE	CNC(=C[N+](=O)[O-])NCCSCc1oc(CN(C)C)cc1
REBAMIPIDE	OC(=O)C(CC1=CC(=O)Nc2ccccc12)NC(=O)c3ccc(Cl)cc3
RECAINAM	CC(C)NCCCNC(=O)Nc1c(C)cccc1C
REPAGLINIDE	CCOc1cc(CC(=O)NC(CC(C)C)c2ccccc2N3CCCCC3)ccc1C(=O)O
RESCINNAMINE	COC1C(CC2CN3CCc4c([nH]c5cc(OC)ccc45)C3CC2C1C(=O)OC)OC(=O)C=Cc6cc(OC)c(OC)c(OC)c6
RIBAVIRIN	NC(=O)c1ncn(n1)C2OC(CO)C(O)C2O
RIBOFLAVIN	Cc1cc2N=C3C(=O)NC(=O)N=C3N(CC(O)C(O)C(O)CO)c2cc1C
RIFABUTIN	COC1C=COC2(C)Oc3c(C)c(O)c4C(=O)C(=C5NC6(CCN(CC(C)C)CC6)N=C5c4c3C2=O)NC(=O)C(=CC=CC(C)C(O)C(C)C(O)C(C)C(OC(=O)C)C1C)C
RIFAMPIN	COC1C=COC2(C)Oc3c(C)c(O)c4c(O)c(NC(=O)C(=CC=CC(C)C(O)C(C)C(O)C(C)C(OC(=O)C)C1C)C)c(C=NN5CCN(C)CC5)c(O)c4c3C2=O
RIFAPENTINE	COC1C=COC2(C)Oc3c(C)c(O)c4c(O)c(NC(=O)C(=CC=CC(C)C(O)C(C)C(O)C(C)C(OC(=O)C)C1C)C)c(C=NN5CCN(CC5)C6CCCC6)c(O)c4c3C2=O
RIFAXIMIN	COC1C=COC2(C)Oc3c(C)c(O)c4c(O)c(NC(=O)C(=CC=CC(C)C(O)C(C)C(O)C(C)C(OC(=O)C)C1C)C)c5c(nc6cc(C)ccn56)c4c3C2=O
RILMENIDINE	C1CN=C(NC(C2CC2)C3CC3)O1
RILUZOLE	Nc1nc2ccc(OC(F)(F)F)cc2s1
RITODRINE_HYDROCHLORIDE	CC(NCCc1ccc(O)cc1)C(O)c2ccc(O)cc2
RITONAVIR	CC(C)C(NC(=O)N(C)Cc1csc(n1)C(C)C)C(=O)NC(CC(O)C(Cc2ccccc2)NC(=O)OCc3cncs3)Cc4ccccc4
ROSARAMICIN	CCC1OC(=O)CC(O)C(C)C(OC2OC(C)CC(C2O)N(C)C)C(CC=O)CC(C)C(=O)C=CC3(C)OC3C1C
ROSIGLITAZONE_MALEATE	CN(CCOc1ccc(CC2SC(=O)NC2=O)cc1)c3ccccn3
ROSOXACIN	CCN1C=C(C(=O)O)C(=O)c2ccc(cc12)c3ccncc3
ROSUVASTATIN	CC(C)c1nc(nc(c2ccc(F)cc2)c1C=CC(O)CC(O)CC(=O)O)N(C)S(=O)(=O)C
ROXITHROMYCIN	CCC1OC(=O)C(C)C(OC2CC(C)(OC)C(O)C(C)O2)C(C)C(OC3OC(C)CC(C3O)N(C)C)C(C)(O)CC(C)C(=NOCOCCOC)C(C)C(O)C1(C)O
SALICYLAMIDE	NC(=O)c1ccccc1O
SALSALATE	OC(=O)c1ccccc1OC(=O)c2ccccc2O
SAPROPTERIN	CC(O)C(O)C1CNC2=C(N1)C(=O)NC(=N2)N
SAQUINAVIR	CC(C)(C)NC(=O)C1CC2CCCCC2CN1CC(O)C(Cc3ccccc3)NC(=O)C(CC(=O)N)NC(=O)c4ccc5ccccc5n4
SATIGREL	COc1ccc(cc1)C(=C(CCC(=O)O)C#N)c2ccc(OC)cc2
SEMATILIDE	CCN(CC)CCNC(=O)c1ccc(NS(=O)(=O)C)cc1
SILDENAFIL_CITRATE	CCCc1nn(C)c2C(=O)NC(=Nc12)c3cc(ccc3OCC)S(=O)(=O)N4CCN(C)CC4
SIMVASTATIN	CCC(C)(C)C(=O)OC1CC(C)C=C2C=CC(C)C(CCC3CC(O)CC(=O)O3)C12
SIROLIMUS	COC1CC(CC(C)C2CC(=O)C(C)C=C(C)C(O)C(OC)C(=O)C(C)CC(C)C=CC=CC=C(C)C(CC3CCC(C)C(O)(O3)C(=O)C(=O)N4CCCCC4C(=O)O2)OC)CCC1O
SODIUM_PHENYLBUTYRATE	OC(=O)CCCc1ccccc1
SORBINIL	Fc1ccc2OCCC3(NC(=O)NC3=O)c2c1
SORIVUDINE	OCC1OC(C(O)C1O)N2C=C(C=CBr)C(=O)NC2=O
SOTALOL_HYDROCHLORIDE	CC(C)NCC(O)c1ccc(NS(=O)(=O)C)cc1
SPARFLOXACIN	CC1CN(CC(C)N1)c2c(F)c(N)c3C(=O)C(=CN(C4CC4)c3c2F)C(=O)O
SPIRAMYCIN	COC1C(O)CC(=O)OC(C)CC=CC=CC(OC2CCC(C(C)O2)N(C)C)C(C)CC(CC=O)C1OC3OC(C)C(OC4CC(C)(O)C(O)C(C)O4)C(C3O)N(C)C
SPIRAPRIL	CCOC(=O)C(CCc1ccccc1)NC(C)C(=O)N2CC3(CC2C(=O)O)SCCS3
SPIRONOLACTONE	CC(=O)SC1CC2=CC(=O)CCC2(C)C3CCC4(C)C(CCC45CCC(=O)O5)C13
STANOZOLOL	CC1(O)CCC2C3CCC4Cc5[nH]ncc5CC4(C)C3CCC12C
STAVUDINE	CC1=CN(C2OC(CO)C=C2)C(=O)NC1=O
SUCCIMER	OC(=O)C(S)C(S)C(=O)O
SUCRALFATE	OS(=O)(=O)OCC1OC(OC2(COS(=O)(=O)O)OC(OS(=O)(=O)O)C(OS(=O)(=O)O)C2OS(=O)(=O)O)C(OS(=O)(=O)O)C(OS(=O)(=O)O)C1OS(=O)(=O)O
SULFACYTINE	CCN1C=CC(=NC1=O)NS(=O)(=O)c2ccc(N)cc2
SULFADIAZINE	Nc1ccc(cc1)S(=O)(=O)Nc2ncccn2
SULFAMETER	COc1cnc(NS(=O)(=O)c2ccc(N)cc2)nc1
SULFAMETHIZOLE	Cc1nnc(NS(=O)(=O)c2ccc(N)cc2)s1
SULFAMETHOXAZOLE	Cc1onc(NS(=O)(=O)c2ccc(N)cc2)c1
SULFAPHENAZOLE	Nc1ccc(cc1)S(=O)(=O)Nc2ccnn2c3ccccc3
SULFAPYRIDINE	Nc1ccc(cc1)S(=O)(=O)Nc2ccccn2
SULFASALAZINE	OC(=O)c1cc(ccc1O)N=Nc2ccc(cc2)S(=O)(=O)Nc3ccccn3
SULFINPYRAZONE	O=C1C(CCS(=O)c2ccccc2)C(=O)N(N1c3ccccc3)c4ccccc4
SULFISOXAZOLE	Cc1noc(NS(=O)(=O)c2ccc(N)cc2)c1C
SULFISOXAZOLE_ACETYL	CC(=O)N(c1onc(C)c1C)S(=O)(=O)c2ccc(N)cc2
SULFOXONE_SODIUM	OS(=O)CNc1ccc(cc1)S(=O)(=O)c2ccc(NCS(=O)O)cc2
SULINDAC	CC1=C(CC(=O)O)c2cc(F)ccc2C1=Cc3ccc(cc3)S(=O)C
SULTAMICILLIN	CC1(C)SC2C(NC(=O)C(N)c3ccccc3)C(=O)N2C1C(=O)OCOC(=O)C4N5C(CC5=O)S(=O)(=O)C4(C)C
TACROLIMUS	COC1CC(CCC1O)C=C(C)C2OC(=O)C3CCCCN3C(=O)C(=O)C4(O)OC(C(CC(C)CC(=CC(CC=C)C(=O)CC(O)C2C)C)OC)C(CC4C)OC
TADALAFIL	CN1CC(=O)N2C(Cc3c([nH]c4ccccc34)C2c5ccc6OCOc6c5)C1=O
TALINOLOL	CC(C)(C)NCC(O)COc1ccc(NC(=O)NC2CCCCC2)cc1
TAMOXIFEN	CCC(=C(c1ccccc1)c2ccc(OCCN(C)C)cc2)c3ccccc3
TAMSULOSIN_HYDROCHLORIDE	CCOc1ccccc1OCCNC(C)Cc2ccc(OC)c(c2)S(=O)(=O)N
TANDOSPIRONE	O=C1C2C3CCC(C3)C2C(=O)N1CCCCN4CCN(CC4)c5ncccn5
TEGAFUR	FC1=CN(C2CCCO2)C(=O)NC1=O
TELITHROMYCIN	CCC1OC(=O)C(C)C(=O)C(C)C(OC2OC(C)CC(C2O)N(C)C)C(C)(CC(C)C(=O)C(C)C3N(CCCCn4cnc(c4)c5cccnc5)C(=O)OC13C)OC
TELMISARTAN	CCCc1nc2c(C)cc(cc2n1Cc3ccc(cc3)c4ccccc4C(=O)O)c5nc6ccccc6n5C
TEMOZOLOMIDE	CN1N=Nc2c(ncn2C1=O)C(=O)N
TENOFOVIR	CC(Cn1cnc2c(N)ncnc12)OCP(=O)(O)O
TENOXICAM	CN1C(=C(O)c2sccc2S1(=O)=O)C(=O)Nc3ccccn3
TERAZOSIN	COc1cc2nc(nc(N)c2cc1OC)N3CCN(CC3)C(=O)C4CCCO4
TERBUTALINE_SULFATE	CC(C)(C)NCC(O)c1cc(O)cc(O)c1
TESTOLACTONE	CC12CCC3C(CCC4=CC(=O)C=CC34C)C1CCC(=O)O2
TETRACYCLINE_HYDROCHLORIDE	CN(C)C1C2CC3C(=C(O)C2(O)C(=O)C(=C1O)C(=O)N)C(=O)c4c(O)cccc4C3(C)O
THIABENDAZOLE	c1ccc2[nH]c(nc2c1)c3cscn3
THIACETAZONE	CC(=O)Nc1ccc(C=NNC(=S)N)cc1
THIAMPHENICOL	CS(=O)(=O)c1ccc(cc1)C(O)C(CO)NC(=O)C(Cl)Cl
THIOGUANINE	NC1=Nc2nc[nH]c2C(=S)N1
THYMOXAMINE	CC(C)c1cc(OC(=O)C)c(C)cc1OCCN(C)C
TIAPROFENIC	CC(C(=O)O)c1ccc(s1)C(=O)c2ccccc2
TICLOPIDINE_HYDROCHLORIDE	Clc1ccccc1CN2CCc3sccc3C2
TICRYNAFEN	OC(=O)COc1ccc(C(=O)c2cccs2)c(Cl)c1Cl
TILUDRONATE_DISODIUM	OP(=O)(O)C(Sc1ccc(Cl)cc1)P(=O)(O)O
TIMOLOL_MALEATE	CC(C)(C)NCC(O)COc1nsnc1N2CCOCC2
TINIDAZOLE	CCS(=O)(=O)CCn1c(C)ncc1[N+](=O)[O-]
TIOPRONIN	CC(S)C(=O)NCC(=O)O
TIPRANAVIR	CCCC1(CCc2ccccc2)CC(=C(C(CC)c3cccc(NS(=O)(=O)c4ccc(cn4)C(F)(F)F)c3)C(=O)O1)O
TIRAPAZAMINE	Nc1n[n+]([O-])c2ccccc2[n+]1[O-]
TOCAINIDE_HYDROCHLORIDE	CC(N)C(=O)Nc1c(C)cccc1C
TOLAZAMIDE	Cc1ccc(cc1)S(=O)(=O)NC(=O)NN2CCCCCC2
TOLBUTAMIDE	CCCCNC(=O)NS(=O)(=O)c1ccc(C)cc1
TOLMETIN_SODIUM	Cc1ccc(cc1)C(=O)c2ccc(CC(=O)O)n2C
TOREMIFENE_CITRATE	CN(C)CCOc1ccc(cc1)C(=C(CCCl)c2ccccc2)c3ccccc3
TORSEMIDE	CC(C)NC(=O)NS(=O)(=O)c1cnccc1Nc2cccc(C)c2
TRANDOLAPRIL	CCOC(=O)C(CCc1ccccc1)NC(C)C(=O)N2C3CCCCC3CC2C(=O)O
TRANEXAMIC_ACID	NCC1CCC(CC1)C(=O)O
TRAPIDIL	CCN(CC)c1cc(C)nc2ncnn12
TREOSULFAN	CS(=O)(=O)OCC(O)C(O)COS(=O)(=O)C
TRIAMCINOLONE	CC12CC(O)C3(F)C(CCC4=CC(=O)C=CC34C)C1CC(O)C2(O)C(=O)CO
TRIAMCINOLONE_DIACETATE	CC(=O)OCC(=O)C1(O)C(CC2C3CCC4=CC(=O)C=CC4(C)C3(F)C(O)CC12C)OC(=O)C
TRIAMTERENE	Nc1nc(N)c2nc(c(N)nc2n1)c3ccccc3
TRICHLORMETHIAZIDE	NS(=O)(=O)c1cc2c(NC(NS2(=O)=O)C(Cl)Cl)cc1Cl
TRICLOFOS_SODIUM	OP(=O)(O)OCC(Cl)(Cl)Cl
TRIDIHEXETHYL_CHLORIDE	CC[N+](CC)(CC)CCC(O)(C1CCCCC1)c2ccccc2
TRIENTINE_HYDROCHLORIDE	NCCNCCNCCN
TRILOSTANE	CC12CCC3C(CCC45OC4C(=C(CC35C)C#N)O)C1CCC2O
TRIMETHOPRIM	COc1cc(Cc2cnc(N)nc2N)cc(OC)c1OC
TRIOXSALEN	CC1=CC(=O)Oc2c(C)c3oc(C)cc3cc12
TROFOSFAMIDE	ClCCN(CCCl)P1(=O)OCCCN1CCCl
TROLEANDOMYCIN	COC1CC(OC2C(C)C(OC3OC(C)CC(C3OC(=O)C)N(C)C)C(C)CC4(CO4)C(=O)C(C)C(OC(=O)C)C(C)C(C)OC(=O)C2C)OC(C)C1OC(=O)C
TROVAFLOXACIN	NC1C2CN(CC12)c3nc4N(C=C(C(=O)O)C(=O)c4cc3F)c5ccc(F)cc5F
TYROPANOATE_SODIUM	CCCC(=O)Nc1c(I)cc(I)c(CC(CC)C(=O)O)c1I
URACIL_MUSTARD	ClCCN(CCCl)C1=CNC(=O)NC1=O
URSODIOL	CC(CCC(=O)O)C1CCC2C3C(O)CC4CC(O)CCC4(C)C3CCC12C
VALACYCLOVIR_HYDROCHLORIDE	CC(C)C(N)C(=O)OCCOCn1cnc2C(=O)NC(=Nc12)N
VALGANCICLOVIR_HYDROCHLORIDE	CC(C)C(N)C(=O)OCC(CO)OCn1cnc2C(=O)NC(=Nc12)N
VALSARTAN	CCCCC(=O)N(Cc1ccc(cc1)c2ccccc2c3nnn[nH]3)C(C(C)C)C(=O)O
VANCOMYCIN_HYDROCHLORIDE	CNC(CC(C)C)C(=O)NC1C(O)c2ccc(Oc3cc4cc(Oc5ccc(cc5Cl)C(O)C6CC(=O)C(NC(=O)C4NC(=O)C(CC(=O)N)NC1=O)c7ccc(O)c(c7)c8c(O)cc(O)cc8C(NC6=O)C(=O)O)c3OC9OC(CO)C(O)C(O)C9OC%10CC(C)(N)C(O)C(C)O%10)c(Cl)c2
VARDENAFIL	CCCc1nc(C)c2C(=O)NC(=Nn12)c3cc(ccc3OCC)S(=O)(=O)N4CCN(CC)CC4
VINCAMINE	CCC12CCCN3CCc4c(C13)n(c5ccccc45)C(O)(C2)C(=O)OC
VITAMIN	CC(C)CCCC(C)CCCC(C)CCCC1(C)CCc2c(C)c(O)c(C)c(C)c2O1
VITAMIN_A_PALMITATE	CCCCCCCCCCCCCCCC(=O)OCC=C(C)C=CC=C(C)C=CC1=C(C)CCCC1(C)C
VOGLIBOSE	OCC(CO)NC1CC(O)(CO)C(O)C(O)C1O
VORICONAZOLE	CC(c1ncncc1F)C(O)(Cn2cncn2)c3ccc(F)cc3F
WARFARIN_SODIUM	CC(=O)CC(C1=C(O)c2ccccc2OC1=O)c3ccccc3
XYLOSE	OCC(O)C(O)C(O)C=O
ZAFIRLUKAST	COc1cc(ccc1Cc2cn(C)c3ccc(NC(=O)OC4CCCC4)cc23)C(=O)NS(=O)(=O)c5ccccc5C
ZALCITABINE	NC1=NC(=O)N(C=C1)C2CCC(CO)O2
ZATEBRADINE	COc1ccc(CCN(C)CCCN2CCc3cc(OC)c(OC)cc3CC2=O)cc1OC
ZOMEPIRAC	Cc1cc(CC(=O)O)n(C)c1C(=O)c2ccc(Cl)cc2